{
  "runs": 50,
  "wav_bytes": 64044,
  "wall_ms": {
    "p50": 165.30491699813865,
    "p95": 166.4317500035395,
    "p99": 168.7792089942377
  },
  "stage_ms": {
    "load_ms": {
      "p50": 0.021375002688728273,
      "p95": 0.0225000039790757,
      "p99": 0.03074999403906986
    },
    "resample_ms": {
      "p50": 8.299684850499034e-05,
      "p95": 0.00012500095181167126,
      "p99": 0.00012500095181167126
    },
    "normalize_ms": {
      "p50": 1.7701250035315752,
      "p95": 1.8405000009806827,
      "p99": 1.8559589952928945
    },
    "vad_ms": {
      "p50": 0.9875000032479875,
      "p95": 1.0514589957892895,
      "p99": 1.067833996785339
    },
    "embed_ms": {
      "p50": 154.44591600680724,
      "p95": 155.4641660040943,
      "p99": 157.85008300008485
    },
    "detect_ms": {
      "p50": 1.3735419997829013,
      "p95": 1.4209159999154508,
      "p99": 1.505291998910252
    },
    "total_ms": {
      "p50": 165.14129099959973,
      "p95": 166.2467909991392,
      "p99": 168.60725000151433
    }
  },
  "wall_mean_ms": 165.31634338054573,
  "wall_stdev_ms": 0.6791729785920239
}